N,err_u_L2,err_u_H1_semi,err_p_L2,err_p_H1_semi
2,0.07061702046001274,0.7768486754195514,0.16890336056433217,0.9007918252135619
4,0.00919923567232251,0.19571455696754012,0.09731938487019122,0.46029647788598405
8,0.001194637245020322,0.045555103687294,0.03815910589425691,0.19895553149234918
16,0.00014906952692748837,0.011023665560492928,0.010825687629593923,0.09611856806937032
32,1.8620688396194396e-05,0.002725336587589149,0.0028354671321815087,0.04769042149355108
64,2.327222639510716e-06,0.0006791321558532743,0.0007227956123549105,0.023801952975338037
128,2.908866075340855e-07,0.00016963581590060127,0.0001822966685628722,0.011895740210353672
