N,err_u_L2,err_u_H1_semi,err_p_L2,err_p_H1_semi
2,0.07932985829143893,0.7088831608908377,0.07698823672395519,0.4828655261485956
4,0.018241061742245157,0.2016398144065774,0.0259983585194235,0.34017407504124536
8,0.0033364247277954642,0.05084685908210985,0.007318173084576476,0.18826454580390753
16,0.0005251923646707315,0.012185540036384973,0.001911607129514385,0.09617028279516916
32,7.560742780186335e-05,0.0029162321289281654,0.0004873650081673708,0.04808873440502095
64,1.0327117343983935e-05,0.0007067872081523364,0.00012326092448010397,0.023957742052565838
128,1.365112879826329e-06,0.0001733911890760485,3.106226420701561e-05,0.01194295961285676
256,1.7668963567591578e-07,4.289152365505541e-05,7.80913109110585e-06,0.0059602466794372614
