N,err_u_L2,err_u_H1_semi,err_p_L2,err_p_H1_semi
2,3.321134353508112,8.402784249248123,0.2478582231294153,4.85853467602735
4,0.4222481802168585,5.90703449588887,0.1768167775165272,3.664512701857806
8,0.05423700831806796,1.5498676150337376,0.027681669323942035,1.8458528706086463
16,0.007005038666595818,0.3917374056363594,0.004664731621949416,0.8875032583702785
32,0.0008867148152898481,0.09817022266640346,0.0009343689900173907,0.4386155536618501
64,0.00011124695437405328,0.02455677733159699,0.00020546753494338853,0.21853928304645348
128,1.3919743392501621e-05,0.006140075467520345,4.79084813370985e-05,0.1091391794191322
256,1.740439829662863e-06,0.001535073282548868,1.1570232652284317e-05,0.054544043512858346
