N,lambda_1,lambda_2,lambda_3,lambda_4,lambda_5,lambda_6,lambda_7,lambda_8,lambda_9,lambda_10
4,2.467477692690941,6.25130443012479,15.124943597974571,22.258794903388026,26.989619765835005,43.304657185594465,48.08802838504502,62.658527442234686,64.7266967496372,75.66413216309967
8,2.4674060456129525,6.27505601974186,15.196075406603128,22.210152575682553,26.94796732350191,43.15041809545878,48.301097118788576,61.758377250647435,64.32598562913158,75.22960281172541
16,2.4674014140670213,6.2786947179782295,15.207101361541941,22.20683764540919,26.947601152382344,43.14051324877362,48.32661868950818,61.68986575619302,64.29690279231046,75.19012895129285
32,2.467401120029591,6.279260676433045,15.20889070296424,22.206624288312103,26.948185057043737,43.1411416973857,48.33331560085768,61.68533515638,64.29923645539886,75.19541324708756
64,2.467401101516175,6.279348636695771,15.20917411009999,22.20661080555576,26.948324899532036,43.14140347372008,48.33461170846533,61.68504685249589,64.30013275926214,75.19726336524113
128,2.4674011003697993,6.279362258615843,15.209218245306923,22.206609959025435,26.94835016979985,43.1414547794087,48.33483166406179,61.68502871884511,64.3003065784909,75.19762265704769
