N,lambda_1,lambda_2,lambda_3,lambda_4,lambda_5,lambda_6,lambda_7,lambda_8,lambda_9,lambda_10
4,53.36652021386218,95.70999306910846,96.94885948716424,138.41689044303268,163.70138046443017,176.07979544382653,210.08818849217982,214.65662887924134,265.1634612133866,274.4413948201324
8,52.42685949650469,92.56650392687777,92.41873772379236,129.34912278349012,155.5125346768599,168.69292792027423,192.12493657163085,193.3255578842376,251.36822562385493,250.6455011618136
16,52.35050432365846,92.15565764716423,92.14505894810567,128.29378787590542,154.2252779002397,167.1489800450672,189.861445802921,189.7658149083036,246.64408515458075,246.70191421213582
32,52.345072355353096,92.12574981805992,92.1264335343687,128.2151769770253,154.13196191518426,167.03706249551243,189.58487706132055,189.59124347579743,246.34353493447688,246.34740153519206
64,52.344715335924846,92.12452318421556,92.1244799934162,128.20994082020897,154.12587373760886,167.0296763090962,189.57270005657776,189.57310467630163,246.3236205552946,246.32386669943935
128,52.34469268599173,92.12439937005126,92.1244020796863,128.20960671929024,154.12548881083526,167.0292067305514,189.57192043349357,189.5719458594252,246.32235455128182,246.32237002457236
