N,lambda_1,lambda_2,lambda_3,lambda_4,lambda_5,lambda_6,lambda_7,lambda_8,lambda_9,lambda_10
4,13.341630053465497,23.927498267277148,24.237214871791068,34.60422261075811,40.92534511610763,44.01994886095661,52.5220471230448,53.66415721981025,66.29086530334669,68.61034870503295
8,13.106714874126155,23.14162598171942,23.104684430948065,32.33728069587253,38.87813366921493,42.17323198006852,48.33138947105961,48.031234142907806,62.66137529045337,62.84205640596413
16,13.087626080914584,23.036264737026386,23.038914411791108,32.07344696897629,38.55631947505991,41.78724501126669,47.46536145073024,47.44145372707593,61.661021288645216,61.67547855303406
32,13.08626808883828,23.031437454515235,23.03160838359204,32.053794244256245,38.53299047879598,41.759265623878065,47.397810868949435,47.396219265330174,61.58588373361919,61.58685038379775
64,13.086178833981256,23.031130796054146,23.03111999835442,32.05248520505229,38.531468434402626,41.75741907727381,47.39327616907501,47.39317501414399,61.58090513882276,61.58096667486019
128,13.08617317149798,23.03110051992246,23.031099842513772,32.05240167982216,38.53137220270952,41.757301682637696,47.392986464855454,47.39298010837284,61.580592506143226,61.58058863782194
