N_elem,Error_traccion_normal
8,0.003168865780825092
16,0.0007808710094189264
32,0.00019117824114034399
64,4.712263889117274e-05
128,1.1686197240012852e-05
256,2.909086774249836e-06
